{
    "ret": 1.3943950580124074,
    "mtx": [
        [
            938.2888545955024,
            0.0,
            686.0857545622922
        ],
        [
            0.0,
            965.9249922406133,
            377.62467094028915
        ],
        [
            0.0,
            0.0,
            1.0
        ]
    ],
    "dist": [
        [
            0.0333447277095546,
            -0.20241928126485736,
            -0.00016810931189811714,
            0.007017685003507825,
            0.15954717075016198
        ]
    ],
    "rvecs": [
        [
            [
                -0.14671987420460222
            ],
            [
                -0.130152671586753
            ],
            [
                1.5037318539608078
            ]
        ],
        [
            [
                -0.21793731711042827
            ],
            [
                -0.18561369430435803
            ],
            [
                1.512925004570922
            ]
        ],
        [
            [
                -0.019151774794699768
            ],
            [
                0.11714827244797277
            ],
            [
                -1.5841476969251838
            ]
        ],
        [
            [
                -0.06213679865364218
            ],
            [
                -0.26198775808724933
            ],
            [
                0.04550488502323266
            ]
        ],
        [
            [
                0.13458025134300777
            ],
            [
                0.4201193766054346
            ],
            [
                0.05413594207391647
            ]
        ],
        [
            [
                0.05650462557293201
            ],
            [
                -0.059811562297032154
            ],
            [
                -0.02510075915278324
            ]
        ],
        [
            [
                0.053521212094244056
            ],
            [
                -0.8401370741603948
            ],
            [
                -0.046605849206742565
            ]
        ],
        [
            [
                0.8610915735302104
            ],
            [
                0.8211285685363251
            ],
            [
                1.3620483270893697
            ]
        ],
        [
            [
                -0.9735052198941463
            ],
            [
                -0.35016245177008665
            ],
            [
                -0.14371580684310625
            ]
        ],
        [
            [
                -0.504920262360645
            ],
            [
                -0.6746340831589202
            ],
            [
                0.002022780553037729
            ]
        ],
        [
            [
                -0.23082334845055016
            ],
            [
                0.3292835397128436
            ],
            [
                0.13604135581062166
            ]
        ],
        [
            [
                -0.1510096198969345
            ],
            [
                0.02107599332446027
            ],
            [
                0.0736846950601557
            ]
        ],
        [
            [
                -0.34139560347511017
            ],
            [
                0.1757277197269196
            ],
            [
                1.513498402617003
            ]
        ],
        [
            [
                -0.3828919941614956
            ],
            [
                -0.1781339890444803
            ],
            [
                0.045696606818113605
            ]
        ],
        [
            [
                -0.20936511029596488
            ],
            [
                -0.5500831748661625
            ],
            [
                0.11731493848310122
            ]
        ]
    ],
    "tvecs": [
        [
            [
                -2.9905410925061853
            ],
            [
                -6.524424960982166
            ],
            [
                30.5636934357675
            ]
        ],
        [
            [
                -2.293189795597515
            ],
            [
                -7.124591488541379
            ],
            [
                27.23395469342953
            ]
        ],
        [
            [
                -3.0178493353319085
            ],
            [
                8.055604569395907
            ],
            [
                56.614307932199864
            ]
        ],
        [
            [
                -19.763395330173907
            ],
            [
                -2.3243576016672405
            ],
            [
                46.30693415891681
            ]
        ],
        [
            [
                6.60281228049239
            ],
            [
                -9.483561538095728
            ],
            [
                36.45624962482307
            ]
        ],
        [
            [
                -9.778918331900131
            ],
            [
                3.0072281780200942
            ],
            [
                33.400661347451646
            ]
        ],
        [
            [
                -13.451625559293273
            ],
            [
                -5.200652497041028
            ],
            [
                21.628134879023047
            ]
        ],
        [
            [
                9.773520660570403
            ],
            [
                -6.232127263259651
            ],
            [
                30.990028127131303
            ]
        ],
        [
            [
                -7.199536564173631
            ],
            [
                2.9513687667726027
            ],
            [
                25.232804029422937
            ]
        ],
        [
            [
                -11.294413664526486
            ],
            [
                -5.687253954252508
            ],
            [
                17.430727930177333
            ]
        ],
        [
            [
                0.5524359703767232
            ],
            [
                -3.919632248966378
            ],
            [
                18.460206582403206
            ]
        ],
        [
            [
                -3.1527542607497963
            ],
            [
                -3.942984887826827
            ],
            [
                14.549650132093301
            ]
        ],
        [
            [
                2.8873144751665722
            ],
            [
                6.900545514129397
            ],
            [
                48.475294563357934
            ]
        ],
        [
            [
                -19.139586363246085
            ],
            [
                4.583349429267635
            ],
            [
                45.025133277798
            ]
        ],
        [
            [
                -14.509155055057603
            ],
            [
                -6.529684612358823
            ],
            [
                23.9448995565945
            ]
        ]
    ]
}